Workbook

Sheet Absolute Cinema
A1: Ascent | K1: Pearl
A2: Ban | B2: Times Played | C2: Won | D2: Win% | E2: Rounds Played | F2: Rounds Won | G2: Round% | H2: Atk% | I2: Def% | K2: Ban | L2: Times Played | M2: Won | N2: Win% | O2: Rounds Played | P2: Rounds Won | Q2: Round% | R2: Atk% | S2: Def%
B3: 3 | C3: 1 | D3: =C3/B3 -> 0.33333333 | E3: ='CIN Data'!A3+'CIN Data'!D3 -> 61 | F3: ='CIN Data'!B3+'CIN Data'!E3 -> 33 | G3: =F3/E3 -> 0.54098361 | H3: ='CIN Data'!C3 -> 0.55555556 | I3: ='CIN Data'!F3 -> 0.52 | K3: 1
A5: Haven | K5: Split
A6: Ban | B6: Times Played | C6: Won | D6: Win% | E6: Rounds Played | F6: Rounds Won | G6: Round% | H6: Atk% | I6: Def% | K6: Ban | L6: Times Played | M6: Won | N6: Win% | O6: Rounds Played | P6: Rounds Won | Q6: Round% | R6: Atk% | S6: Def%
A7: 1 | B7: 1 | C7: 0 | D7: =C7/B7 -> 0 | E7: ='CIN Data'!A7+'CIN Data'!D7 -> 22 | F7: ='CIN Data'!B7+'CIN Data'!E7 -> 9 | G7: =F7/E7 -> 0.40909091 | H7: ='CIN Data'!C7 -> 0.66666667 | I7: ='CIN Data'!F7 -> 0.1 | K7: 1
A9: Icebox | K9: Sunset
A10: Ban | B10: Times Played | C10: Won | D10: Win% | E10: Rounds Played | F10: Rounds Won | G10: Round% | H10: Atk% | I10: Def% | K10: Ban | L10: Times Played | M10: Won | N10: Win% | O10: Rounds Played | P10: Rounds Won | Q10: Round% | R10: Atk% | S10: Def%
A11: 2 | K11: 4
A13: Lotus | K13: Corrode
A14: Ban | B14: Times Played | C14: Won | D14: Win% | E14: Rounds Played | F14: Rounds Won | G14: Round% | H14: Atk% | I14: Def% | K14: Ban | L14: Times Played | M14: Won | N14: Win% | O14: Rounds Played | P14: Rounds Won | Q14: Round% | R14: Atk% | S14: Def%
A15: 4 | B15: 1 | C15: 0 | D15: =C15/B15 -> 0 | E15: ='CIN Data'!A15+'CIN Data'!D15 -> 30 | F15: ='CIN Data'!B15+'CIN Data'!E15 -> 14 | G15: =F15/E15 -> 0.46666667 | H15: ='CIN Data'!C15 -> 0.26666667 | I15: ='CIN Data'!F15 -> 0.66666667 | L15: 1 | M15: 0 | N15: =M15/L15 -> 0 | O15: ='CIN Data'!H15+'CIN Data'!K15 -> 20 | P15: ='CIN Data'!I15+'CIN Data'!L15 -> 7 | Q15: =P15/O15 -> 0.35 | R15: ='CIN Data'!J15 -> 0.25 | S15: ='CIN Data'!M15 -> 0.5
K17: Bind
A18: Atk% | B18: ='CIN Data'!B18 -> 0.47674419 | K18: Ban | L18: Times Played | M18: Won | N18: Win% | O18: Rounds Played | P18: Rounds Won | Q18: Round% | R18: Atk% | S18: Def%
A19: Def% | B19: ='CIN Data'!B19 -> 0.45714286 | L19: 1 | M19: 0 | N19: =M19/L19 -> 0 | O19: ='CIN Data'!H19+'CIN Data'!K19 -> 23 | P19: ='CIN Data'!I19+'CIN Data'!L19 -> 10 | Q19: =P19/O19 -> 0.43478261 | R19: ='CIN Data'!J19 -> 0.54545455 | S19: ='CIN Data'!M19 -> 0.33333333

Sheet CIN Data
A1: Ascent | H1: Pearl
A2: Atk Rounds Played | B2: Atk Rounds Won | C2: Atk% | D2: Def Rounds Played | E2: Def Rounds Won | F2: Def% | H2: Atk Rounds Played | I2: Atk Rounds Won | J2: Atk% | K2: Def Rounds Played | L2: Def Rounds Won | M2: Def%
A3: 36 | B3: 20 | C3: =B3/A3 -> 0.55555556 | D3: 25 | E3: 13 | F3: =E3/D3 -> 0.52
A5: Haven | H5: Split
A6: Atk Rounds Played | B6: Atk Rounds Won | C6: Atk% | D6: Def Rounds Played | E6: Def Rounds Won | F6: Def% | H6: Atk Rounds Played | I6: Atk Rounds Won | J6: Atk% | K6: Def Rounds Played | L6: Def Rounds Won | M6: Def%
A7: 12 | B7: 8 | C7: =B7/A7 -> 0.66666667 | D7: 10 | E7: 1 | F7: =E7/D7 -> 0.1
A9: Icebox | H9: Sunset
A10: Atk Rounds Played | B10: Atk Rounds Won | C10: Atk% | D10: Def Rounds Played | E10: Def Rounds Won | F10: Def% | H10: Atk Rounds Played | I10: Atk Rounds Won | J10: Atk% | K10: Def Rounds Played | L10: Def Rounds Won | M10: Def%
A13: Lotus | H13: Corrode
A14: Atk Rounds Played | B14: Atk Rounds Won | C14: Atk% | D14: Def Rounds Played | E14: Def Rounds Won | F14: Def% | H14: Atk Rounds Played | I14: Atk Rounds Won | J14: Atk% | K14: Def Rounds Played | L14: Def Rounds Won | M14: Def%
A15: 15 | B15: 4 | C15: =B15/A15 -> 0.26666667 | D15: 15 | E15: 10 | F15: =E15/D15 -> 0.66666667 | H15: 12 | I15: 3 | J15: =I15/H15 -> 0.25 | K15: 8 | L15: 4 | M15: =L15/K15 -> 0.5
H17: Bind
A18: Atk% | B18: =(B3+B7+B11+B15+I3+I7+I11+I15+I19)/(A3+A7+A11+A15+H3+H7+H11+H15+H19) -> 0.47674419 | H18: Atk Rounds Played | I18: Atk Rounds Won | J18: Atk% | K18: Def Rounds Played | L18: Def Rounds Won | M18: Def%
A19: Def% | B19: =(E3+E7+E11+E15+L11+L7+L3+L15+L19)/(D3+D7+D11+D15+K11+K7+K3+K15+K19) -> 0.45714286 | H19: 11 | I19: 6 | J19: =I19/H19 -> 0.54545455 | K19: 12 | L19: 4 | M19: =L19/K19 -> 0.33333333

Sheet Kurt's Kittens
A1: Ascent | K1: Pearl
A2: Ban | B2: Times Played | C2: Won | D2: Win% | E2: Rounds Played | F2: Rounds Won | G2: Round% | H2: Atk% | I2: Def% | K2: Ban | L2: Times Played | M2: Won | N2: Win% | O2: Rounds Played | P2: Rounds Won | Q2: Round% | R2: Atk% | S2: Def%
A3: 3 | B3: 3 | C3: 2 | D3: =C3/B3 -> 0.66666667 | E3: ='KAT Data'!A3+'KAT Data'!D3 -> 50 | F3: ='KAT Data'!B3+'KAT Data'!E3 -> 31 | G3: =F3/E3 -> 0.62 | H3: ='KAT Data'!C3 -> 0.4 | I3: ='KAT Data'!F3 -> 0.76666667 | K3: 2
A5: Haven | K5: Split
A6: Ban | B6: Times Played | C6: Won | D6: Win% | E6: Rounds Played | F6: Rounds Won | G6: Round% | H6: Atk% | I6: Def% | K6: Ban | L6: Times Played | M6: Won | N6: Win% | O6: Rounds Played | P6: Rounds Won | Q6: Round% | R6: Atk% | S6: Def%
B7: 3 | C7: 1 | D7: =C7/B7 -> 0.33333333 | E7: ='KAT Data'!A7+'KAT Data'!D7 -> 65 | F7: ='KAT Data'!B7+'KAT Data'!E7 -> 30 | G7: =F7/E7 -> 0.46153846 | H7: ='KAT Data'!C7 -> 0.72413793 | I7: ='KAT Data'!F7 -> 0.25 | K7: 1
A9: Icebox | K9: Sunset
A10: Ban | B10: Times Played | C10: Won | D10: Win% | E10: Rounds Played | F10: Rounds Won | G10: Round% | H10: Atk% | I10: Def% | K10: Ban | L10: Times Played | M10: Won | N10: Win% | O10: Rounds Played | P10: Rounds Won | Q10: Round% | R10: Atk% | S10: Def%
A11: 1 | B11: 1 | C11: 0 | D11: =C11/B11 -> 0 | E11: ='KAT Data'!A11+'KAT Data'!D11 -> 21 | F11: ='KAT Data'!B11+'KAT Data'!E11 -> 9 | G11: =F11/E11 -> 0.42857143 | H11: ='KAT Data'!C11 -> 0.66666667 | I11: ='KAT Data'!F11 -> 0.25 | K11: 3 | L11: 2 | M11: 1 | N11: =M11/L11 -> 0.5 | O11: ='KAT Data'!H11+'KAT Data'!K11 -> 46 | P11: ='KAT Data'!I11+'KAT Data'!L11 -> 24 | Q11: =P11/O11 -> 0.52173913 | R11: ='KAT Data'!J11 -> 0.54166667 | S11: ='KAT Data'!M11 -> 0.5
A13: Lotus | K13: Corrode
A14: Ban | B14: Times Played | C14: Won | D14: Win% | E14: Rounds Played | F14: Rounds Won | G14: Round% | H14: Atk% | I14: Def% | K14: Ban | L14: Times Played | M14: Won | N14: Win% | O14: Rounds Played | P14: Rounds Won | Q14: Round% | R14: Atk% | S14: Def%
B15: 3 | C15: 0 | D15: =C15/B15 -> 0 | E15: ='KAT Data'!A15+'KAT Data'!D15 -> 58 | F15: ='KAT Data'!B15+'KAT Data'!E15 -> 19 | G15: =F15/E15 -> 0.32758621 | H15: ='KAT Data'!C15 -> 0.44 | I15: ='KAT Data'!F15 -> 0.24242424 | K15: 3 | L15: 1 | M15: 1 | N15: =M15/L15 -> 1 | O15: ='KAT Data'!H15+'KAT Data'!K15 -> 15 | P15: ='KAT Data'!I15+'KAT Data'!L15 -> 13 | Q15: =P15/O15 -> 0.86666667 | R15: ='KAT Data'!J15 -> 0.66666667 | S15: ='KAT Data'!M15 -> 0.91666667
K17: Bind
A18: Atk% | B18: ='KAT Data'!B18 -> 0.58108108 | K18: Ban | L18: Times Played | M18: Won | N18: Win% | O18: Rounds Played | P18: Rounds Won | Q18: Round% | R18: Atk% | S18: Def%
A19: Def% | B19: ='KAT Data'!B19 -> 0.45 | L19: 3 | M19: 3 | N19: =M19/L19 -> 1 | O19: ='KAT Data'!H19+'KAT Data'!K19 -> 73 | P19: ='KAT Data'!I19+'KAT Data'!L19 -> 41 | Q19: =P19/O19 -> 0.56164384 | R19: ='KAT Data'!J19 -> 0.65789474 | S19: ='KAT Data'!M19 -> 0.45714286

Sheet KAT Data
A1: Ascent | H1: Pearl
A2: Atk Rounds Played | B2: Atk Rounds Won | C2: Atk% | D2: Def Rounds Played | E2: Def Rounds Won | F2: Def% | H2: Atk Rounds Played | I2: Atk Rounds Won | J2: Atk% | K2: Def Rounds Played | L2: Def Rounds Won | M2: Def%
A3: 20 | B3: 8 | C3: =B3/A3 -> 0.4 | D3: 30 | E3: 23 | F3: =E3/D3 -> 0.76666667
A5: Haven | H5: Split
A6: Atk Rounds Played | B6: Atk Rounds Won | C6: Atk% | D6: Def Rounds Played | E6: Def Rounds Won | F6: Def% | H6: Atk Rounds Played | I6: Atk Rounds Won | J6: Atk% | K6: Def Rounds Played | L6: Def Rounds Won | M6: Def%
A7: 29 | B7: 21 | C7: =B7/A7 -> 0.72413793 | D7: 36 | E7: 9 | F7: =E7/D7 -> 0.25
A9: Icebox | H9: Sunset
A10: Atk Rounds Played | B10: Atk Rounds Won | C10: Atk% | D10: Def Rounds Played | E10: Def Rounds Won | F10: Def% | H10: Atk Rounds Played | I10: Atk Rounds Won | J10: Atk% | K10: Def Rounds Played | L10: Def Rounds Won | M10: Def%
A11: 9 | B11: 6 | C11: =B11/A11 -> 0.66666667 | D11: 12 | E11: 3 | F11: =E11/D11 -> 0.25 | H11: 24 | I11: 13 | J11: =I11/H11 -> 0.54166667 | K11: 22 | L11: 11 | M11: =L11/K11 -> 0.5
A13: Lotus | H13: Corrode
A14: Atk Rounds Played | B14: Atk Rounds Won | C14: Atk% | D14: Def Rounds Played | E14: Def Rounds Won | F14: Def% | H14: Atk Rounds Played | I14: Atk Rounds Won | J14: Atk% | K14: Def Rounds Played | L14: Def Rounds Won | M14: Def%
A15: 25 | B15: 11 | C15: =B15/A15 -> 0.44 | D15: 33 | E15: 8 | F15: =E15/D15 -> 0.24242424 | H15: 3 | I15: 2 | J15: =I15/H15 -> 0.66666667 | K15: 12 | L15: 11 | M15: =L15/K15 -> 0.91666667
H17: Bind
A18: Atk% | B18: =(B3+B7+B11+B15+I3+I7+I11+I15+I19)/(A3+A7+A11+A15+H3+H7+H11+H15+H19) -> 0.58108108 | H18: Atk Rounds Played | I18: Atk Rounds Won | J18: Atk% | K18: Def Rounds Played | L18: Def Rounds Won | M18: Def%
A19: Def% | B19: =(E3+E7+E11+E15+L11+L7+L3+L15+L19)/(D3+D7+D11+D15+K11+K7+K3+K15+K19) -> 0.45 | H19: 38 | I19: 25 | J19: =I19/H19 -> 0.65789474 | K19: 35 | L19: 16 | M19: =L19/K19 -> 0.45714286

Sheet The Brick Wall
A1: Ascent | K1: Pearl
A2: Ban | B2: Times Played | C2: Won | D2: Win% | E2: Rounds Played | F2: Rounds Won | G2: Round% | H2: Atk% | I2: Def% | K2: Ban | L2: Times Played | M2: Won | N2: Win% | O2: Rounds Played | P2: Rounds Won | Q2: Round% | R2: Atk% | S2: Def%
B3: 2 | C3: 1 | D3: =C3/B3 -> 0.5 | E3: ='WALL Data'!A3+'WALL Data'!D3 -> 37 | F3: ='WALL Data'!B3+'WALL Data'!E3 -> 13 | G3: =F3/E3 -> 0.35135135 | H3: ='WALL Data'!C3 -> 0.375 | I3: ='WALL Data'!F3 -> 0.30769231
A5: Haven | K5: Split
A6: Ban | B6: Times Played | C6: Won | D6: Win% | E6: Rounds Played | F6: Rounds Won | G6: Round% | H6: Atk% | I6: Def% | K6: Ban | L6: Times Played | M6: Won | N6: Win% | O6: Rounds Played | P6: Rounds Won | Q6: Round% | R6: Atk% | S6: Def%
A7: 4 | B7: 1 | C7: 0 | D7: =C7/B7 -> 0 | E7: ='WALL Data'!A7+'WALL Data'!D7 -> 20 | F7: ='WALL Data'!B7+'WALL Data'!E7 -> 7 | G7: =F7/E7 -> 0.35 | H7: ='WALL Data'!C7 -> 0.625 | I7: ='WALL Data'!F7 -> 0.16666667 | K7: 2
A9: Icebox | K9: Sunset
A10: Ban | B10: Times Played | C10: Won | D10: Win% | E10: Rounds Played | F10: Rounds Won | G10: Round% | H10: Atk% | I10: Def% | K10: Ban | L10: Times Played | M10: Won | N10: Win% | O10: Rounds Played | P10: Rounds Won | Q10: Round% | R10: Atk% | S10: Def%
A11: 3 | B11: 1 | C11: 1 | D11: =C11/B11 -> 1 | E11: ='WALL Data'!A11+'WALL Data'!D11 -> 21 | F11: ='WALL Data'!B11+'WALL Data'!E11 -> 13 | G11: =F11/E11 -> 0.61904762 | H11: ='WALL Data'!C11 -> 0.75 | I11: ='WALL Data'!F11 -> 0.44444444 | K11: 2 | L11: 1 | M11: 0 | N11: =M11/L11 -> 0 | O11: ='WALL Data'!H11+'WALL Data'!K11 -> 22 | P11: ='WALL Data'!I11+'WALL Data'!L11 -> 9 | Q11: =P11/O11 -> 0.40909091 | R11: ='WALL Data'!J11 -> 0.2 | S11: ='WALL Data'!M11 -> 0.58333333
A13: Lotus | K13: Corrode
A14: Ban | B14: Times Played | C14: Won | D14: Win% | E14: Rounds Played | F14: Rounds Won | G14: Round% | H14: Atk% | I14: Def% | K14: Ban | L14: Times Played | M14: Won | N14: Win% | O14: Rounds Played | P14: Rounds Won | Q14: Round% | R14: Atk% | S14: Def%
A15: 1 | B15: 3 | C15: 3 | D15: =C15/B15 -> 1 | E15: ='WALL Data'!A15+'WALL Data'!D15 -> 67 | F15: ='WALL Data'!B15+'WALL Data'!E15 -> 42 | G15: =F15/E15 -> 0.62686567 | H15: ='WALL Data'!C15 -> 0.55555556 | I15: ='WALL Data'!F15 -> 0.70967742 | L15: 2 | M15: 1 | N15: =M15/L15 -> 0.5 | O15: ='WALL Data'!H15+'WALL Data'!K15 -> 44 | P15: ='WALL Data'!I15+'WALL Data'!L15 -> 24 | Q15: =P15/O15 -> 0.54545455 | R15: ='WALL Data'!J15 -> 0.5 | S15: ='WALL Data'!M15 -> 0.58333333
K17: Bind
A18: Atk% | B18: ='WALL Data'!B18 -> 0.47727273 | K18: Ban | L18: Times Played | M18: Won | N18: Win% | O18: Rounds Played | P18: Rounds Won | Q18: Round% | R18: Atk% | S18: Def%
A19: Def% | B19: ='WALL Data'!B19 -> 0.50819672 | K19: 1 | L19: 2 | M19: 0 | N19: =M19/L19 -> 0 | O19: ='WALL Data'!H19+'WALL Data'!K19 -> 43 | P19: ='WALL Data'!I19+'WALL Data'!L19 -> 17 | Q19: =P19/O19 -> 0.39534884 | R19: ='WALL Data'!J19 -> 0.36363636 | S19: ='WALL Data'!M19 -> 0.42857143

Sheet WALL Data
A1: Ascent | H1: Pearl
A2: Atk Rounds Played | B2: Atk Rounds Won | C2: Atk% | D2: Def Rounds Played | E2: Def Rounds Won | F2: Def% | H2: Atk Rounds Played | I2: Atk Rounds Won | J2: Atk% | K2: Def Rounds Played | L2: Def Rounds Won | M2: Def%
A3: 24 | B3: 9 | C3: =B3/A3 -> 0.375 | D3: 13 | E3: 4 | F3: =E3/D3 -> 0.30769231
A5: Haven | H5: Split
A6: Atk Rounds Played | B6: Atk Rounds Won | C6: Atk% | D6: Def Rounds Played | E6: Def Rounds Won | F6: Def% | H6: Atk Rounds Played | I6: Atk Rounds Won | J6: Atk% | K6: Def Rounds Played | L6: Def Rounds Won | M6: Def%
A7: 8 | B7: 5 | C7: =B7/A7 -> 0.625 | D7: 12 | E7: 2 | F7: =E7/D7 -> 0.16666667
A9: Icebox | H9: Sunset
A10: Atk Rounds Played | B10: Atk Rounds Won | C10: Atk% | D10: Def Rounds Played | E10: Def Rounds Won | F10: Def% | H10: Atk Rounds Played | I10: Atk Rounds Won | J10: Atk% | K10: Def Rounds Played | L10: Def Rounds Won | M10: Def%
A11: 12 | B11: 9 | C11: =B11/A11 -> 0.75 | D11: 9 | E11: 4 | F11: =E11/D11 -> 0.44444444 | H11: 10 | I11: 2 | J11: =I11/H11 -> 0.2 | K11: 12 | L11: 7 | M11: =L11/K11 -> 0.58333333
A13: Lotus | H13: Corrode
A14: Atk Rounds Played | B14: Atk Rounds Won | C14: Atk% | D14: Def Rounds Played | E14: Def Rounds Won | F14: Def% | H14: Atk Rounds Played | I14: Atk Rounds Won | J14: Atk% | K14: Def Rounds Played | L14: Def Rounds Won | M14: Def%
A15: 36 | B15: 20 | C15: =B15/A15 -> 0.55555556 | D15: 31 | E15: 22 | F15: =E15/D15 -> 0.70967742 | H15: 20 | I15: 10 | J15: =I15/H15 -> 0.5 | K15: 24 | L15: 14 | M15: =L15/K15 -> 0.58333333
H17: Bind
A18: Atk% | B18: =(B3+B7+B11+B15+I3+I7+I11+I15+I19)/(A3+A7+A11+A15+H3+H7+H11+H15+H19) -> 0.47727273 | H18: Atk Rounds Played | I18: Atk Rounds Won | J18: Atk% | K18: Def Rounds Played | L18: Def Rounds Won | M18: Def%
A19: Def% | B19: =(E3+E7+E11+E15+L11+L7+L3+L15+L19)/(D3+D7+D11+D15+K11+K7+K3+K15+K19) -> 0.50819672 | H19: 22 | I19: 8 | J19: =I19/H19 -> 0.36363636 | K19: 21 | L19: 9 | M19: =L19/K19 -> 0.42857143

Sheet You Get Shot You Die
A1: Ascent | K1: Pearl
A2: Ban | B2: Times Played | C2: Won | D2: Win% | E2: Rounds Played | F2: Rounds Won | G2: Round% | H2: Atk% | I2: Def% | K2: Ban | L2: Times Played | M2: Won | N2: Win% | O2: Rounds Played | P2: Rounds Won | Q2: Round% | R2: Atk% | S2: Def%
A3: 1 | B3: 2 | C3: 1 | D3: =C3/B3 -> 0.5 | E3: ='YGSYD Data'!A3+'YGSYD Data'!D3 -> 36 | F3: ='YGSYD Data'!B3+'YGSYD Data'!E3 -> 18 | G3: =F3/E3 -> 0.5 | H3: ='YGSYD Data'!C3 -> 0.66666667 | I3: ='YGSYD Data'!F3 -> 0.41666667 | K3: 3
A5: Haven | K5: Split
A6: Ban | B6: Times Played | C6: Won | D6: Win% | E6: Rounds Played | F6: Rounds Won | G6: Round% | H6: Atk% | I6: Def% | K6: Ban | L6: Times Played | M6: Won | N6: Win% | O6: Rounds Played | P6: Rounds Won | Q6: Round% | R6: Atk% | S6: Def%
B7: 4 | C7: 3 | D7: =C7/B7 -> 0.75 | E7: ='YGSYD Data'!A7+'YGSYD Data'!D7 -> 87 | F7: ='YGSYD Data'!B7+'YGSYD Data'!E7 -> 50 | G7: =F7/E7 -> 0.57471264 | H7: ='YGSYD Data'!C7 -> 0.70833333 | I7: ='YGSYD Data'!F7 -> 0.41025641 | K7: 2
A9: Icebox | K9: Sunset
A10: Ban | B10: Times Played | C10: Won | D10: Win% | E10: Rounds Played | F10: Rounds Won | G10: Round% | H10: Atk% | I10: Def% | K10: Ban | L10: Times Played | M10: Won | N10: Win% | O10: Rounds Played | P10: Rounds Won | Q10: Round% | R10: Atk% | S10: Def%
A11: 4 | L11: 1 | M11: 1 | N11: =M11/L11 -> 1 | O11: ='YGSYD Data'!H11+'YGSYD Data'!K11 -> 24 | P11: ='YGSYD Data'!I11+'YGSYD Data'!L11 -> 13 | Q11: =P11/O11 -> 0.54166667 | R11: ='YGSYD Data'!J11 -> 0.75 | S11: ='YGSYD Data'!M15 -> 0.46666667
A13: Lotus | K13: Corrode
A14: Ban | B14: Times Played | C14: Won | D14: Win% | E14: Rounds Played | F14: Rounds Won | G14: Round% | H14: Atk% | I14: Def% | K14: Ban | L14: Times Played | M14: Won | N14: Win% | O14: Rounds Played | P14: Rounds Won | Q14: Round% | R14: Atk% | S14: Def%
A15: 2 | B15: 1 | C15: 1 | D15: =C15/B15 -> 1 | E15: ='YGSYD Data'!A15+'YGSYD Data'!D15 -> 21 | F15: ='YGSYD Data'!B15+'YGSYD Data'!E15 -> 13 | G15: =F15/E15 -> 0.61904762 | H15: ='YGSYD Data'!C15 -> 0.83333333 | I15: ='YGSYD Data'!F15 -> 0.33333333 | L15: 2 | M15: 1 | N15: =M15/L15 -> 0.5 | O15: ='YGSYD Data'!H15+'YGSYD Data'!K15 -> 39 | P15: ='YGSYD Data'!I15+'YGSYD Data'!L15 -> 15 | Q15: =P15/O15 -> 0.38461538 | R15: ='YGSYD Data'!J15 -> 0.33333333 | S15: ='YGSYD Data'!M15 -> 0.46666667
K17: Bind
A18: Atk% | B18: ='YGSYD Data'!B18 -> 0.63358779 | K18: Ban | L18: Times Played | M18: Won | N18: Win% | O18: Rounds Played | P18: Rounds Won | Q18: Round% | R18: Atk% | S18: Def%
A19: Def% | B19: ='YGSYD Data'!B19 -> 0.416 | L19: 2 | M19: 1 | N19: =M19/L19 -> 0.5 | O19: ='YGSYD Data'!H19+'YGSYD Data'!K19 -> 49 | P19: ='YGSYD Data'!I19+'YGSYD Data'!L19 -> 26 | Q19: =P19/O19 -> 0.53061224 | R19: ='YGSYD Data'!J19 -> 0.60869565 | S19: ='YGSYD Data'!M19 -> 0.46153846

Sheet YGSYD Data
A1: Ascent | H1: Pearl
A2: Atk Rounds Played | B2: Atk Rounds Won | C2: Atk% | D2: Def Rounds Played | E2: Def Rounds Won | F2: Def% | H2: Atk Rounds Played | I2: Atk Rounds Won | J2: Atk% | K2: Def Rounds Played | L2: Def Rounds Won | M2: Def%
A3: 12 | B3: 8 | C3: =B3/A3 -> 0.66666667 | D3: 24 | E3: 10 | F3: =E3/D3 -> 0.41666667
A5: Haven | H5: Split
A6: Atk Rounds Played | B6: Atk Rounds Won | C6: Atk% | D6: Def Rounds Played | E6: Def Rounds Won | F6: Def% | H6: Atk Rounds Played | I6: Atk Rounds Won | J6: Atk% | K6: Def Rounds Played | L6: Def Rounds Won | M6: Def%
A7: 48 | B7: 34 | C7: =B7/A7 -> 0.70833333 | D7: 39 | E7: 16 | F7: =E7/D7 -> 0.41025641
A9: Icebox | H9: Sunset
A10: Atk Rounds Played | B10: Atk Rounds Won | C10: Atk% | D10: Def Rounds Played | E10: Def Rounds Won | F10: Def% | H10: Atk Rounds Played | I10: Atk Rounds Won | J10: Atk% | K10: Def Rounds Played | L10: Def Rounds Won | M10: Def%
H11: 12 | I11: 9 | J11: =I11/H11 -> 0.75 | K11: 12 | L11: 4 | M11: =L11/K11 -> 0.33333333
A13: Lotus | H13: Corrode
A14: Atk Rounds Played | B14: Atk Rounds Won | C14: Atk% | D14: Def Rounds Played | E14: Def Rounds Won | F14: Def% | H14: Atk Rounds Played | I14: Atk Rounds Won | J14: Atk% | K14: Def Rounds Played | L14: Def Rounds Won | M14: Def%
A15: 12 | B15: 10 | C15: =B15/A15 -> 0.83333333 | D15: 9 | E15: 3 | F15: =E15/D15 -> 0.33333333 | H15: 24 | I15: 8 | J15: =I15/H15 -> 0.33333333 | K15: 15 | L15: 7 | M15: =L15/K15 -> 0.46666667
H17: Bind
A18: Atk% | B18: =(B3+B7+B11+B15+I3+I7+I11+I15+I19)/(A3+A7+A11+A15+H3+H7+H11+H15+H19) -> 0.63358779 | H18: Atk Rounds Played | I18: Atk Rounds Won | J18: Atk% | K18: Def Rounds Played | L18: Def Rounds Won | M18: Def%
A19: Def% | B19: =(E3+E7+E11+E15+L11+L7+L3+L15+L19)/(D3+D7+D11+D15+K11+K7+K3+K15+K19) -> 0.416 | H19: 23 | I19: 14 | J19: =I19/H19 -> 0.60869565 | K19: 26 | L19: 12 | M19: =L19/K19 -> 0.46153846
